user_id,name,privilege
1,User_1,User
10,User_10,User
100,User_100,User
1000,User_1000,User
1001,User_1001,User
1002,User_1002,User
1003,User_1003,User
1004,User_1004,User
1005,User_1005,User
1006,User_1006,User
1007,User_1007,User
1008,User_1008,User
1009,User_1009,User
1010,User_1010,User
1011,User_1011,User
1012,User_1012,User
1013,User_1013,User
1014,User_1014,User
1015,User_1015,User
1016,User_1016,User
1017,User_1017,User
1018,User_1018,User
1019,User_1019,User
102,User_102,User
1020,User_1020,User
1021,User_1021,User
1022,User_1022,User
1023,User_1023,User
1024,User_1024,User
1025,User_1025,User
1026,User_1026,User
1027,User_1027,User
1028,User_1028,User
1029,User_1029,User
1030,User_1030,User
1031,User_1031,User
1032,User_1032,User
1033,User_1033,User
1034,User_1034,User
1035,User_1035,User
1036,User_1036,User
1037,User_1037,User
1038,User_1038,User
1039,User_1039,User
1040,User_1040,User
1041,User_1041,User
1042,User_1042,User
1043,User_1043,User
1044,User_1044,User
1045,User_1045,User
1046,User_1046,User
1047,User_1047,User
1048,User_1048,User
1049,User_1049,User
1050,User_1050,User
1051,User_1051,User
1052,User_1052,User
1053,User_1053,User
1054,User_1054,User
1055,User_1055,User
1056,User_1056,User
1057,User_1057,User
1058,User_1058,User
1059,User_1059,User
106,User_106,User
1060,User_1060,User
1061,User_1061,User
1062,User_1062,User
1063,User_1063,User
1064,User_1064,User
1065,User_1065,User
1066,User_1066,User
1067,User_1067,User
1068,User_1068,User
1069,User_1069,User
1070,User_1070,User
1071,User_1071,User
1072,User_1072,User
1073,User_1073,User
1074,User_1074,User
1075,User_1075,User
1076,User_1076,User
1077,User_1077,User
1078,User_1078,User
1079,User_1079,User
108,User_108,User
1080,User_1080,User
1081,User_1081,User
1082,User_1082,User
1083,User_1083,User
1084,User_1084,User
1085,User_1085,User
1086,User_1086,User
1087,User_1087,User
1088,User_1088,User
1089,User_1089,User
1090,User_1090,User
1091,User_1091,User
1092,User_1092,User
1093,User_1093,User
1094,User_1094,User
1095,User_1095,User
1096,User_1096,User
1097,User_1097,User
1098,User_1098,User
1099,User_1099,User
11,User_11,User
1100,User_1100,User
1101,User_1101,User
1102,User_1102,User
1103,User_1103,User
1104,User_1104,User
1105,User_1105,User
1106,User_1106,User
1107,User_1107,User
1108,User_1108,User
1109,User_1109,User
1110,User_1110,User
1111,User_1111,User
1112,User_1112,User
1113,User_1113,User
1114,User_1114,User
1115,User_1115,User
1116,User_1116,User
1117,User_1117,User
1118,User_1118,User
1119,User_1119,User
112,User_112,User
1120,User_1120,User
1121,User_1121,User
1122,User_1122,User
1123,User_1123,User
1124,User_1124,User
1125,User_1125,User
1126,User_1126,User
1127,User_1127,User
1128,User_1128,User
1129,User_1129,User
1130,User_1130,User
1131,User_1131,User
1132,User_1132,User
1133,User_1133,User
1134,User_1134,User
1135,User_1135,User
1136,User_1136,User
1137,User_1137,User
1138,User_1138,User
1139,User_1139,User
1140,User_1140,User
1141,User_1141,User
1142,User_1142,User
1143,User_1143,User
1144,User_1144,User
1145,User_1145,User
1146,User_1146,User
1147,User_1147,User
1148,User_1148,User
1149,User_1149,User
1150,User_1150,User
1151,User_1151,User
1152,User_1152,User
1153,User_1153,User
1154,User_1154,User
1155,User_1155,User
1156,User_1156,User
1157,User_1157,User
1158,User_1158,User
1159,User_1159,User
1160,User_1160,User
1161,User_1161,User
1162,User_1162,User
1163,User_1163,User
1164,User_1164,User
1165,User_1165,User
1166,User_1166,User
1167,User_1167,User
1168,User_1168,User
1169,User_1169,User
1170,User_1170,User
1171,User_1171,User
1172,User_1172,User
1173,User_1173,User
1174,User_1174,User
1175,User_1175,User
1176,User_1176,User
1177,User_1177,User
1178,User_1178,User
1179,User_1179,User
1180,User_1180,User
1181,User_1181,User
1182,User_1182,User
1183,User_1183,User
1184,User_1184,User
1185,User_1185,User
1186,User_1186,User
1187,User_1187,User
1188,User_1188,User
1189,User_1189,User
1190,User_1190,User
1191,User_1191,User
1192,User_1192,User
1193,User_1193,User
1194,User_1194,User
1195,User_1195,User
1196,User_1196,User
1197,User_1197,User
1198,User_1198,User
1199,User_1199,User
1200,User_1200,User
1201,User_1201,User
1202,User_1202,User
1203,User_1203,User
1204,User_1204,User
1205,User_1205,User
1206,User_1206,User
1207,User_1207,User
1208,User_1208,User
1209,User_1209,User
1210,User_1210,User
1211,User_1211,User
1212,User_1212,User
1213,User_1213,User
1214,User_1214,User
1215,User_1215,User
123,User_123,User
127,User_127,User
13,User_13,User
130,User_130,User
135,User_135,User
136,User_136,User
137,User_137,User
138,User_138,User
141,User_141,User
144,User_144,User
145,User_145,User
15,User_15,User
150,User_150,User
151,User_151,User
156,User_156,User
157,User_157,User
16,User_16,User
17,User_17,User
172,User_172,User
176,User_176,User
18,User_18,User
180,User_180,User
181,User_181,User
189,User_189,User
19,User_19,User
190,User_190,User
20,User_20,User
201,User_201,User
207,User_207,User
209,User_209,User
21,User_21,User
210,User_210,User
227,User_227,User
228,User_228,User
229,User_229,User
23,User_23,User
231,User_231,User
238,User_238,User
241,User_241,User
242,User_242,User
243,User_243,User
246,User_246,User
249,User_249,User
255,User_255,User
257,User_257,User
259,User_259,User
26,User_26,User
260,User_260,User
263,User_263,User
268,User_268,User
27,User_27,User
270,User_270,User
271,User_271,User
273,User_273,User
276,User_276,User
280,User_280,User
281,User_281,User
291,User_291,User
294,User_294,User
305,User_305,User
307,User_307,User
309,User_309,User
31,User_31,User
314,User_314,User
32,User_32,User
323,User_323,User
325,User_325,User
33,User_33,User
331,User_331,User
335,User_335,User
340,User_340,User
341,User_341,User
343,User_343,User
348,User_348,User
349,User_349,User
35,User_35,User
351,User_351,User
354,User_354,User
356,User_356,User
363,User_363,User
366,User_366,User
37,User_37,User
38,User_38,User
380,User_380,User
381,User_381,User
386,User_386,User
389,User_389,User
39,User_39,User
395,User_395,User
4,User_4,User
401,User_401,User
402,User_402,User
403,User_403,User
407,User_407,User
408,User_408,User
41,User_41,User
411,User_411,User
42,User_42,User
43,User_43,User
432,User_432,User
433,User_433,User
441,User_441,User
442,User_442,User
443,User_443,User
449,User_449,User
45,User_45,User
450,User_450,User
451,User_451,User
452,User_452,User
455,User_455,User
458,User_458,User
46,User_46,User
461,User_461,User
464,User_464,User
470,User_470,User
471,User_471,User
473,User_473,User
474,User_474,User
476,User_476,User
477,User_477,User
48,User_48,User
482,User_482,User
485,User_485,User
49,User_49,User
493,User_493,User
497,User_497,User
498,User_498,User
499,User_499,User
50,User_50,User
503,User_503,User
505,User_505,User
506,User_506,User
507,User_507,User
508,User_508,User
509,User_509,User
510,User_510,User
512,User_512,User
514,User_514,User
516,User_516,User
517,User_517,User
519,User_519,User
520,User_520,User
522,User_522,User
523,User_523,User
524,User_524,User
525,User_525,User
529,User_529,User
53,User_53,User
531,User_531,User
532,User_532,User
533,User_533,User
534,User_534,User
535,User_535,User
536,User_536,User
538,User_538,User
54,User_54,User
540,User_540,User
541,User_541,User
543,User_543,User
544,User_544,User
55,User_55,User
550,User_550,User
551,User_551,User
552,User_552,User
553,User_553,User
555,User_555,User
556,User_556,User
558,User_558,User
562,User_562,User
563,User_563,User
564,User_564,User
565,User_565,User
566,User_566,User
568,User_568,User
570,User_570,User
571,User_571,User
572,User_572,User
575,User_575,User
579,User_579,User
58,User_58,User
580,User_580,User
581,User_581,User
582,User_582,User
583,User_583,User
584,User_584,User
585,User_585,User
587,User_587,User
588,User_588,User
589,User_589,User
59,User_59,User
590,User_590,User
592,User_592,User
593,User_593,User
594,User_594,User
595,User_595,User
596,User_596,User
597,User_597,User
598,User_598,User
599,User_599,User
6,User_6,User
600,User_600,User
602,User_602,User
603,User_603,User
604,User_604,User
605,User_605,User
606,User_606,User
607,User_607,User
608,User_608,User
610,User_610,User
612,User_612,User
614,User_614,User
615,User_615,User
616,User_616,User
618,User_618,User
619,User_619,User
620,User_620,User
621,User_621,User
622,User_622,User
623,User_623,User
624,User_624,User
625,User_625,User
626,User_626,User
627,User_627,User
628,User_628,User
629,User_629,User
631,User_631,User
632,User_632,User
633,User_633,User
634,User_634,User
635,User_635,User
637,User_637,User
639,User_639,User
64,User_64,User
640,User_640,User
641,User_641,User
642,User_642,User
643,User_643,User
644,User_644,User
645,User_645,User
646,User_646,User
647,User_647,User
648,User_648,User
649,User_649,User
650,User_650,User
651,User_651,User
652,User_652,User
653,User_653,User
654,User_654,User
655,User_655,User
656,User_656,User
657,User_657,User
658,User_658,User
659,User_659,User
660,User_660,User
661,User_661,User
662,User_662,User
663,User_663,User
664,User_664,User
665,User_665,User
666,User_666,User
667,User_667,User
668,User_668,User
669,User_669,User
670,User_670,User
671,User_671,User
672,User_672,User
674,User_674,User
676,User_676,User
677,User_677,User
678,User_678,User
679,User_679,User
68,User_68,User
680,User_680,User
681,User_681,User
682,User_682,User
683,User_683,User
684,User_684,User
685,User_685,User
686,User_686,User
687,User_687,User
688,User_688,User
689,User_689,User
69,User_69,User
690,User_690,User
691,User_691,User
692,User_692,User
693,User_693,User
694,User_694,User
695,User_695,User
696,User_696,User
697,User_697,User
7,User_7,User
701,User_701,User
702,User_702,User
704,User_704,User
707,User_707,User
709,User_709,User
710,User_710,User
711,User_711,User
712,User_712,User
714,User_714,User
715,User_715,User
716,User_716,User
717,User_717,User
718,User_718,User
719,User_719,User
72,User_72,User
720,User_720,User
721,User_721,User
722,User_722,User
724,User_724,User
726,User_726,User
727,User_727,User
728,User_728,User
729,User_729,User
73,User_73,User
730,User_730,User
731,User_731,User
732,User_732,User
733,User_733,User
734,User_734,User
735,User_735,User
737,User_737,User
738,User_738,User
739,User_739,User
740,User_740,User
742,User_742,User
745,User_745,User
746,User_746,User
747,User_747,User
749,User_749,User
751,User_751,User
752,User_752,User
753,User_753,User
755,User_755,User
756,User_756,User
758,User_758,User
759,User_759,User
760,User_760,User
761,User_761,User
762,User_762,User
763,User_763,User
764,User_764,User
765,User_765,User
766,User_766,User
767,User_767,User
768,User_768,User
769,User_769,User
770,User_770,User
771,User_771,User
772,User_772,User
773,User_773,User
774,User_774,User
775,User_775,User
776,User_776,User
777,User_777,User
778,User_778,User
779,User_779,User
78,User_78,User
780,User_780,User
781,User_781,User
782,User_782,User
783,User_783,User
784,User_784,User
785,User_785,User
786,User_786,User
787,User_787,User
788,User_788,User
789,User_789,User
79,User_79,User
790,User_790,User
791,User_791,User
792,User_792,User
793,User_793,User
794,User_794,User
795,User_795,User
796,User_796,User
797,User_797,User
798,User_798,User
799,User_799,User
8,User_8,User
800,User_800,User
801,User_801,User
802,User_802,User
803,User_803,User
804,User_804,User
805,User_805,User
806,User_806,User
807,User_807,User
808,User_808,User
809,User_809,User
81,User_81,User
810,User_810,User
811,User_811,User
812,User_812,User
813,User_813,User
814,User_814,User
815,User_815,User
816,User_816,User
817,User_817,User
818,User_818,User
819,User_819,User
82,User_82,User
820,User_820,User
821,User_821,User
822,User_822,User
823,User_823,User
824,User_824,User
825,User_825,User
826,User_826,User
828,User_828,User
829,User_829,User
830,User_830,User
831,User_831,User
832,User_832,User
833,User_833,User
834,User_834,User
835,User_835,User
836,User_836,User
837,User_837,User
838,User_838,User
839,User_839,User
840,User_840,User
841,User_841,User
842,User_842,User
843,User_843,User
844,User_844,User
845,User_845,User
846,User_846,User
847,User_847,User
848,User_848,User
849,User_849,User
85,User_85,User
850,User_850,User
851,User_851,User
852,User_852,User
853,User_853,User
854,User_854,User
855,User_855,User
856,User_856,User
857,User_857,User
858,User_858,User
859,User_859,User
860,User_860,User
861,User_861,User
862,User_862,User
863,User_863,User
864,User_864,User
865,User_865,User
866,User_866,User
867,User_867,User
868,User_868,User
869,User_869,User
870,User_870,User
871,User_871,User
872,User_872,User
873,User_873,User
874,User_874,User
875,User_875,User
876,User_876,User
877,User_877,User
878,User_878,User
879,User_879,User
88,User_88,User
880,User_880,User
881,User_881,User
882,User_882,User
883,User_883,User
884,User_884,User
885,User_885,User
886,User_886,User
887,User_887,User
888,User_888,User
889,User_889,User
890,User_890,User
891,User_891,User
892,User_892,User
893,User_893,User
894,User_894,User
895,User_895,User
896,User_896,User
897,User_897,User
898,User_898,User
899,User_899,User
90,User_90,User
900,User_900,User
901,User_901,User
902,User_902,User
903,User_903,User
904,User_904,User
905,User_905,User
906,User_906,User
907,User_907,User
908,User_908,User
909,User_909,User
910,User_910,User
912,User_912,User
913,User_913,User
914,User_914,User
915,User_915,User
916,User_916,User
917,User_917,User
918,User_918,User
919,User_919,User
920,User_920,User
921,User_921,User
922,User_922,User
923,User_923,User
924,User_924,User
925,User_925,User
926,User_926,User
927,User_927,User
928,User_928,User
929,User_929,User
931,User_931,User
932,User_932,User
933,User_933,User
934,User_934,User
935,User_935,User
936,User_936,User
937,User_937,User
938,User_938,User
939,User_939,User
940,User_940,User
941,User_941,User
942,User_942,User
943,User_943,User
944,User_944,User
945,User_945,User
946,User_946,User
947,User_947,User
948,User_948,User
949,User_949,User
950,User_950,User
951,User_951,User
952,User_952,User
953,User_953,User
954,User_954,User
955,User_955,User
956,User_956,User
957,User_957,User
958,User_958,User
959,User_959,User
960,User_960,User
961,User_961,User
962,User_962,User
963,User_963,User
964,User_964,User
965,User_965,User
966,User_966,User
967,User_967,User
968,User_968,User
969,User_969,User
970,User_970,User
971,User_971,User
972,User_972,User
973,User_973,User
974,User_974,User
975,User_975,User
976,User_976,User
977,User_977,User
978,User_978,User
979,User_979,User
98,User_98,User
980,User_980,User
981,User_981,User
982,User_982,User
983,User_983,User
984,User_984,User
985,User_985,User
986,User_986,User
987,User_987,User
988,User_988,User
989,User_989,User
990,User_990,User
991,User_991,User
992,User_992,User
993,User_993,User
994,User_994,User
995,User_995,User
996,User_996,User
997,User_997,User
998,User_998,User
999,User_999,User
2,"Ahmed Sabaoon",User
3,ZaCk,User
5,"Abdullah,Ishar",User
9,"Amir,Shareef",User
